Customer_ID,Gift_card_amount
ID0x163e,51.95487
ID0x22c3,46.614983
ID0x3d79,74.38918
ID0x25f1,51.35025
ID0x1fa5,50.698963
ID0x28b6,84.78479
ID0x28ea,78.261154
ID0xec8,144.65526
ID0x3a0a,84.49143
ID0x77e,114.20811
ID0x3f94,104.47813
ID0x3b67,74.92005
ID0x142e,35.58233
ID0x2a89,45.466793
ID0x32a3,46.06398
ID0xdf6,26.08699
ID0x769,111.919136
ID0x1e3b,107.886475
ID0x1ccf,111.12924
ID0x15dd,93.63551
ID0x2088,26.08699
ID0xe25,109.20908
ID0x276b,145.68689
ID0x55c,111.76439
ID0x3533,71.405876
ID0x2adc,49.58538
ID0x2ba6,85.86852
ID0x1e77,26.819141
ID0xd31,46.86017
ID0x2cae,25.839104
ID0x2f78,37.87243
ID0x3569,110.45852
ID0xec4,75.9594
ID0x159c,36.567802
ID0x2ceb,108.90787
ID0x26e0,109.22122
ID0x2adb,47.473225
ID0x112d,53.23853
ID0xb89,109.35505
ID0x27ad,109.27872
ID0x2117,110.42932
ID0x3742,88.224976
ID0x1c7b,89.24207
ID0x1c18,38.268936
ID0x1157,119.29996
ID0x4cf,91.71495
ID0x2836,133.81602
ID0x1ebd,110.74564
ID0x24de,88.29236
ID0x1a57,90.61065
ID0x3620,77.10962
ID0x1e18,83.17159
ID0xf63,74.188354
ID0xcf8,49.18511
ID0x184e,35.93796
ID0x246d,75.82978
ID0x28da,50.51508
ID0x28f2,54.18417
ID0xf64,36.567802
ID0xe09,109.34984
ID0x2135,49.007816
ID0x67f,110.85512
ID0x1542,116.13192
ID0x3515,25.91745
ID0x1889,76.37577
ID0x327f,110.64486
ID0x3205,93.86374
ID0x2f20,76.740555
ID0x2d35,108.67259
ID0x10bb,94.0746
ID0x3944,87.70728
ID0x38b4,110.61853
ID0x379e,111.75125
ID0x3615,51.95487
ID0x1add,106.48266
ID0x2538,107.560524
ID0x2253,34.075798
ID0x2245,148.63474
ID0x1580,49.73935
ID0x3274,108.46981
ID0x5de,75.58479
ID0x35fb,64.4116
ID0x3530,75.34047
ID0x3084,48.128838
ID0x3ac0,130.69377
ID0x4b5,46.218475
ID0x20b6,73.12073
ID0x2f5e,107.475555
ID0x2984,53.797203
ID0x1d4c,88.99981
ID0x1968,109.2585
ID0xd72,99.65174
ID0x2a1f,108.10367
ID0x66a,76.740555
ID0x117a,26.82867
ID0x26d4,50.50101
ID0x37ad,88.88089
ID0xf8b,51.060104
ID0x109d,107.64685
ID0x1a4e,26.727196
ID0x2699,38.35991
ID0x3cac,75.397316
ID0x2ee0,113.83029
ID0x198b,88.99074
ID0x3829,38.943794
ID0x392c,74.47245
ID0x2a61,34.075798
ID0x1c28,38.268936
ID0x293c,111.4003
ID0xc22,51.92996
ID0x1ab4,84.45953
ID0x195d,76.118256
ID0x1b4b,107.64685
ID0x1807,89.79239
ID0x1611,109.27872
ID0xfb7,54.01033
ID0xf49,109.49668
ID0xfaf,109.22122
ID0x348d,75.05766
ID0x3627,87.5681
ID0x84c,50.50101
ID0x3702,54.208958
ID0x1e19,74.08242
ID0x3cc5,51.052734
ID0x3c63,108.496956
ID0x1099,88.493286
ID0x81a,85.33697
ID0x19cb,51.461353
ID0x2468,51.55836
ID0x3621,111.18705
ID0x3e43,99.74806
ID0x2e0f,50.476223
ID0x94c,149.84903
ID0x2993,48.221657
ID0x3637,89.33885
ID0x1256,85.88586
ID0x3f06,88.8165
ID0x38d7,76.906235
ID0x10e3,91.06097
ID0x2b44,50.612473
ID0x32a4,111.43824
ID0x3b42,110.409836
ID0x1dbb,83.441986
ID0x349d,49.18511
ID0x11d5,54.001896
ID0x254f,54.14958
ID0x3d1d,78.72419
ID0x39f8,27.242096
ID0x1914,108.03315
ID0x3e19,85.923904
ID0x664,54.40853
ID0x82e,88.88803
ID0x2aa9,87.36544
ID0xca9,76.80415
ID0x3811,107.93807
ID0x2779,108.95376
ID0x3a91,109.038
ID0x2a88,119.93108
ID0x3092,25.839104
ID0x3321,90.71011
ID0x313d,107.97676
ID0x1c51,112.12576
ID0x2f81,109.437126
ID0x1ad5,54.18417
ID0x3945,55.980495
ID0x333a,49.167038
ID0x3a8a,76.77228
ID0x2b7f,112.512695
ID0x816,101.99125
ID0x1ffb,111.52863
ID0x2467,51.55836
ID0x6e1,49.364365
ID0x51b,86.42707
ID0x8cd,112.447685
ID0x3d3a,80.45974
ID0x295a,73.23396
ID0x14fb,87.64791
ID0x2614,49.766647
ID0x2715,91.96175
ID0xccb,49.714558
ID0x1733,47.076714
ID0x1a14,87.58659
ID0x9e8,86.382744
ID0x3c36,54.14958
ID0x3744,91.28445
ID0x8b1,91.06747
ID0x3042,110.0511
ID0x46f,109.63457
ID0x1ef2,89.15843
ID0x36d6,115.14297
ID0x2071,53.828407
ID0x22f7,50.014534
ID0x26b5,117.9371
ID0x3663,72.98512
ID0x2d2f,51.35025
ID0x1d7a,107.64685
ID0x36d7,53.737823
ID0xc56,29.920734
ID0x344e,26.571259
ID0x26e3,51.921726
ID0xe29,89.42077
ID0x36cb,26.819141
ID0xf76,109.918434
ID0x1bfc,78.42763
ID0x22a6,106.04976
ID0x34c4,88.47825
ID0x3e46,90.71011
ID0xb02,48.32811
ID0x2d74,50.014534
ID0x845,54.812424
ID0x10d8,75.11271
ID0x1105,37.606
ID0x3c6f,90.25215
ID0x3913,75.94702
ID0xb0e,91.13985
ID0x3485,26.432163
ID0x15c1,33.998207
ID0x1f00,34.706543
ID0x1b7c,76.2832
ID0x2f01,112.12576
ID0x1b8e,54.14958
ID0x3f05,26.432163
ID0x3b27,106.11717
ID0x1199,95.4115
ID0x3e73,76.37577
ID0x193d,47.076714
ID0x1c36,47.324604
ID0x158e,49.766647
ID0xf22,115.82877
ID0x145b,79.27183
ID0x6e7,73.81647
ID0x697,49.18511
ID0x184a,106.42822
ID0x21c1,126.833954
ID0x1d92,52.5232
ID0x2e23,80.68584
ID0x2e53,50.411045
ID0x32c6,25.839104
ID0x5be,33.998207
ID0x129d,49.167038
ID0x19ed,108.204445
ID0x2f1b,34.706543
ID0x21b1,107.91366
ID0x506,36.567802
ID0x2c3a,76.90826
ID0x2d24,54.14958
ID0x254a,35.978836
ID0x1aa2,107.27728
ID0xf11,36.22402
ID0x3299,67.937065
ID0x3305,27.630219
ID0x3b46,117.48093
ID0x5fd,56.36265
ID0x2cdc,89.817184
ID0x5e2,41.93685
ID0x3e7e,106.19537
ID0x2ba7,103.34657
ID0x1908,104.47813
ID0x2ed8,91.45293
ID0x715,55.436314
ID0x177c,48.221657
ID0x6c8,72.84368
ID0x2cfc,75.22212
ID0xde6,133.60678
ID0x1ec9,90.483574
ID0x12ef,78.329506
ID0x3a62,87.839096
ID0x2494,49.73935
ID0xd6a,71.92753
ID0x14aa,93.11241
ID0x3b5e,50.06447
ID0x3df7,120.527695
ID0x325f,108.107925
ID0x3146,114.95464
ID0x3e30,111.4003
ID0x3393,93.640785
ID0x16e8,74.212975
ID0x37f0,88.60425
ID0x1516,100.98086
ID0x2578,84.47821
ID0x2936,112.890114
ID0x28a8,51.35025
ID0x3f44,110.18806
ID0x1642,103.87428
ID0x2cba,49.76899
ID0x1001,103.34657
ID0x31b9,28.218807
ID0x23cb,48.7886
ID0x2fca,73.16477
ID0x143e,73.41028
ID0xcdd,93.19632
ID0x3726,91.48307
ID0x2299,108.56474
ID0x2958,75.34047
ID0x33d9,57.767487
ID0x11f0,74.17451
ID0x3b8f,108.95376
ID0x127b,131.1786
ID0x1874,118.61153
ID0x2c8e,45.55554
ID0x26d7,107.91411
ID0xdfc,90.8658
ID0x453,110.74145
ID0x2275,111.26954
ID0x2243,106.08842
ID0x3a66,50.014534
ID0x2f07,85.90104
ID0x1598,117.73506
ID0xf1d,53.8833
ID0x1d46,74.08242
ID0x112f,72.53501
ID0x223f,108.42862
ID0xaf6,53.23853
ID0x399e,87.68393
ID0x2631,104.10127
ID0x39c6,37.963406
ID0x78c,113.02741
ID0x408,88.93507
ID0x35de,93.44711
ID0x1c9b,114.055305
ID0x1de6,54.467182
ID0x1b6a,48.77142
ID0x1414,106.13467
ID0x3a2c,76.19653
ID0x14b6,49.76899
ID0x27c4,88.26757
ID0x9dc,54.14958
ID0x3366,126.74932
ID0x2129,26.493668
ID0x3cc4,153.77075
ID0xc9a,80.50093
ID0x19cf,41.177177
ID0x2061,76.41389
ID0x1afe,70.823296
ID0x290d,37.23074
ID0x17e6,108.242905
ID0xf61,50.55922
ID0x18e9,109.12505
ID0x705,75.426155
ID0x7f9,48.62324
ID0x207e,53.51908
ID0x1352,76.78986
ID0x2dd7,109.129654
ID0x1680,112.73726
ID0x3a86,112.21819
ID0x31be,76.36166
ID0x32b0,105.45594
ID0xc72,50.014534
ID0x35a8,38.943794
ID0x521,110.18806
ID0x28a9,49.264935
ID0xc97,54.467182
ID0x908,72.64778
ID0x38a5,113.71553
ID0x2e7f,51.35025
ID0xa2c,151.00636
ID0x2f0f,110.25963
ID0x1fb7,48.7886
ID0x524,113.628914
ID0x57f,49.167038
ID0x1f12,121.278366
ID0x11cc,70.823296
ID0x3efb,106.97943
ID0x2bd4,47.256676
ID0x10a1,50.916668
ID0x1aae,27.35794
ID0x14c3,105.346344
ID0x870,37.963406
ID0x3277,75.37458
ID0x1413,38.943794
ID0xb45,109.12505
ID0x60f,47.076714
ID0x1b70,76.84477
ID0x12f8,76.00672
ID0x12b0,54.478264
ID0x2e8a,106.49933
ID0x3390,105.15295
ID0xece,108.03315
ID0x34b0,111.18163
ID0x2828,107.406456
ID0xbbf,112.12576
ID0xcef,117.118835
ID0x1289,109.895546
ID0x676,49.18511
ID0x3faf,38.155552
ID0xb96,57.17083
ID0x2471,92.41381
ID0x16a1,107.21677
ID0x1706,109.12505
ID0x374a,106.20106
ID0x427,107.66649
ID0x86a,118.16761
ID0x1ffc,133.15466
ID0x2960,46.317883
ID0x2378,107.64685
ID0x39e0,50.50101
ID0x1086,53.565052
ID0xb8b,107.64685
ID0x3805,74.31014
ID0x1bde,55.54319
ID0x4a1,108.42862
ID0x3abb,107.64685
ID0x291b,26.819141
ID0x95e,111.71043
ID0x3bcd,77.88854
ID0x2ab7,26.819141
ID0x2ea8,67.83009
ID0xbec,113.0716
ID0x8e5,91.98179
ID0x3351,102.98292
ID0x34f4,50.50101
ID0xd4b,27.242096
ID0xbd3,89.79239
ID0x344f,104.66228
ID0x16d1,48.525345
ID0x2aa2,114.95464
ID0x2f32,49.73935
ID0x35ae,25.700008
ID0x17b0,54.40459
ID0x1217,105.980125
ID0xc29,78.412605
ID0x452,108.03315
ID0x37dd,51.49793
ID0x625,118.61153
ID0xb39,34.706543
ID0xb93,73.042274
ID0x7d5,51.49793
ID0xdd1,26.819141
ID0x2a9f,46.218475
ID0x2861,116.132
ID0xf67,111.05301
ID0xb4c,59.73593
ID0x3f3f,27.484818
ID0x15f9,50.014534
ID0x367e,37.25612
ID0x882,108.22197
ID0x3491,53.23853
ID0x1cea,46.71439
ID0x508,109.5932
ID0x1e81,74.43834
ID0x374d,52.951195
ID0x1341,46.218475
ID0x309c,52.405476
ID0x18b6,26.184277
ID0x2f13,47.473225
ID0x1aa4,112.35511
ID0x28e0,142.80963
ID0x481,46.614983
ID0x3e5f,107.90377
ID0x377b,113.95599
ID0x2a52,89.56595
ID0x1e9e,111.070404
ID0x730,38.626343
ID0x1097,108.03315
ID0x3634,51.35025
ID0x3499,111.176125
ID0x1fdc,88.26757
ID0x1334,25.622417
ID0x3656,102.06638
ID0x2e9a,109.54873
ID0x2486,51.16323
ID0xc12,112.32673
ID0x3ef5,108.64074
ID0x19b0,34.706543
ID0x40b,109.97515
ID0x1990,92.20217
ID0x3d04,74.43834
ID0x3b12,26.819141
ID0x281b,129.2823
ID0x347f,100.21268
ID0x2263,107.84115
ID0x3fb4,88.50234
ID0x2b0d,108.95377
ID0x16a5,109.90184
ID0x2892,91.54579
ID0x2327,87.522995
ID0x2ad0,108.03315
ID0x21f6,73.64661
ID0x3eea,90.27619
ID0x23db,76.37577
ID0x2aa0,113.48009
ID0x2bca,37.606
ID0x899,54.491104
ID0x2143,51.55836
ID0x17df,89.10399
ID0x1160,110.76854
ID0x213e,108.9112
ID0x1f0c,34.706543
ID0x161f,83.459
ID0x2995,47.076714
ID0x3a99,91.84006
ID0x13f3,112.22298
ID0x375d,110.37951
ID0x2dcc,66.16753
ID0x36e7,75.43979
ID0xc08,113.95599
ID0x1872,56.860607
ID0x1e0c,93.26619
ID0x6f0,108.10367
ID0x26c2,107.64685
ID0x16ae,37.606
ID0x2592,69.48651
ID0x8f1,91.49531
ID0x2bc9,112.05554
ID0x1a86,50.938496
ID0x1662,94.32055
ID0x10ab,104.42608
ID0xe27,50.656227
ID0x20b9,73.94421
ID0x2184,49.64684
ID0x2567,109.12505
ID0x3c0e,130.04347
ID0x1645,89.927444
ID0x32a6,105.89
ID0x2cd2,90.10169
ID0xa12,107.57748
ID0x3af3,91.294
ID0x31cf,115.611824
ID0x3d69,108.59597
ID0x377a,89.73518
ID0x1087,86.674164
ID0x3bbe,88.87275
ID0x3324,74.92005
ID0x2e90,105.94134
ID0x2fdd,93.06664
ID0xf4f,50.871258
ID0x158c,26.571259
ID0x33cf,52.58466
ID0x1bdf,27.35794
ID0x22ba,38.626343
ID0x3edd,109.01041
ID0x4bb,37.627243
ID0x35e5,107.73141
ID0x20b5,111.95073
ID0x1a49,89.79889
ID0x984,55.131252
ID0x33ed,110.91232
ID0x3ab9,70.73167
ID0x1d5a,34.706543
ID0x224d,114.03333
ID0x22eb,106.08842
ID0x3160,90.96785
ID0x31d7,89.871765
ID0x14db,52.981167
ID0x30ca,71.4241
ID0x6c7,111.6453
ID0x1555,148.63956
ID0x1c4f,73.34151
ID0x1069,75.22839
ID0x29f9,113.36146
ID0x1dc3,76.681015
ID0x21ce,86.990265
ID0x3d36,51.052734
ID0x1ec1,95.30927
ID0x12b7,108.257324
ID0x28b8,50.517197
ID0x20f3,111.52708
ID0x1be5,35.978836
ID0x284a,51.086174
ID0x1454,37.627243
ID0x31c5,77.10962
ID0x2f67,73.11809
ID0x3d06,47.473225
ID0x2099,115.14297
ID0xc45,114.30799
ID0xe16,51.49793
ID0x3212,53.23853
ID0x1c0d,111.37066
ID0x2eff,50.50101
ID0x3ed,88.54286
ID0x20f2,77.10962
ID0x63f,36.567802
ID0x119d,49.73935
ID0x1835,99.45913
ID0x18d6,93.04691
ID0x1038,146.76497
ID0x2b00,99.83534
ID0x26b4,56.36265
ID0xbf7,76.40584
ID0x742,113.40595
ID0x2bee,89.53924
ID0x1dbc,26.432163
ID0xc5c,26.571259
ID0x86c,115.61407
ID0x1a63,73.34151
ID0x7b5,46.614983
ID0x1fc8,102.25774
ID0x30c5,51.461353
ID0x15a4,106.20106
ID0x28cd,51.35025
ID0x4b9,48.868427
ID0x23d5,49.766647
ID0x1af6,103.87426
ID0x3ad7,122.288864
ID0x34b3,26.432163
ID0x35ef,58.001522
ID0x197e,83.67094
ID0x5c7,36.567802
ID0x2931,91.47052
ID0x737,50.916668
ID0x2cb8,70.88383
ID0x2533,143.21977
ID0xff8,88.29236
ID0xfe8,112.37141
ID0x13ac,107.886475
ID0x38b6,108.05122
ID0x3c52,111.94219
ID0x29c5,109.60841
ID0x56f,49.97819
ID0x253f,114.020386
ID0x121f,59.63982
ID0x11a4,28.218807
ID0x208b,137.07164
ID0x19ec,49.00058
ID0x3e92,51.35025
ID0x1cdf,100.73236
ID0x3b06,78.091934
ID0x20eb,109.20908
ID0xd22,38.35991
ID0x6bc,109.12505
ID0x3233,87.36544
ID0x2a9e,103.49666
ID0x384d,108.64074
ID0x2b63,89.10195
ID0x1e74,104.40699
ID0x32e8,77.88854
ID0x3836,51.55836
ID0x3f9b,73.005905
ID0x37d8,38.626343
ID0x572,88.7805
ID0x3938,83.11965
ID0x2329,108.496956
ID0x1ced,69.914925
ID0x22df,50.39527
ID0x3429,71.65193
ID0x1aa6,50.656227
ID0x249d,112.21819
ID0x30ec,80.89749
ID0x29c0,109.08539
ID0xee4,83.7265
ID0x1592,106.08842
ID0x315c,111.12823
ID0x2786,116.87451
ID0x3430,85.99818
ID0x8c2,34.706543
ID0x3799,109.22382
ID0x99e,59.953312
ID0x222d,37.963406
ID0x2eef,47.82515
ID0x2a10,75.05766
ID0x1753,77.10962
ID0x1593,88.44072
ID0x5ca,53.8833
ID0x6f7,89.928825
ID0x39ec,90.68164
ID0x301e,126.79292
ID0x3a42,35.777725
ID0x119a,35.777725
ID0x1181,49.264935
ID0x2cab,112.82315
ID0x1260,87.89099
ID0x1b07,51.55836
ID0x1f6b,37.23074
ID0x1259,112.128845
ID0x26bf,107.770164
ID0x32c3,53.23853
ID0x3fb0,107.72415
ID0x17a3,51.143105
ID0x2760,104.77191
ID0xe94,86.8591
ID0x3589,74.76003
ID0x1050,84.09553
ID0x70c,107.50124
ID0x3ebe,77.76649
ID0x226e,48.62324
ID0x3779,36.22402
ID0x16ab,108.85766
ID0x3c39,91.60731
ID0x3e31,89.47866
ID0x1c63,107.406456
ID0x328b,52.390995
ID0x2065,49.766647
ID0x3917,74.88283
ID0x356f,89.817184
ID0x17be,110.64486
ID0x3b7d,73.90052
ID0x38e1,50.411045
ID0x348b,89.440285
ID0x1cf6,53.8833
ID0x587,26.08699
ID0x1243,51.49793
ID0x21cf,71.98242
ID0x1b41,87.10048
ID0x2f6c,87.3089
ID0x2232,50.942932
ID0x3ecd,107.44981
ID0x2311,46.218475
ID0x1c88,38.268936
ID0xd89,51.95487
ID0x3f85,125.71768
ID0x2d3b,116.88943
ID0x3bbd,37.20949
ID0x4001,107.99612
ID0xd66,49.18511
ID0x196e,87.693214
ID0x801,107.92656
ID0x166c,109.33834
ID0x3eee,51.35025
ID0x1e76,90.71011
ID0x1da7,37.627243
ID0x2ff3,96.40697
ID0x3633,54.75176
ID0x1c8d,109.951546
ID0x3d7a,111.52708
ID0xa09,90.11792
ID0x17b1,49.41876
ID0x529,25.839104
ID0x3f1e,72.07886
ID0x143a,74.471855
ID0x2282,119.211815
ID0x3a79,107.80832
ID0x38ba,71.460434
ID0x1a35,79.36201
ID0x1b83,110.441765
ID0x146e,75.886696
ID0x22ee,111.157104
ID0x2737,50.162712
ID0x31e3,37.20949
ID0x2417,77.10962
ID0x2b22,74.08242
ID0x2344,103.89983
ID0x21a7,105.99088
ID0x10c3,118.8286
ID0x25c0,52.981167
ID0xd5b,48.128838
ID0xfad,69.330666
ID0x26f7,93.07943
ID0x2667,50.014534
ID0x16e0,49.73935
ID0x330e,108.1505
ID0x2137,114.53356
ID0x1bbb,50.43679
ID0x64d,40.92936
ID0x16f0,92.45056
ID0x3810,109.97515
ID0x1a3a,92.5666
ID0x13ae,25.91745
ID0xd32,90.159805
ID0x2a1e,122.01751
ID0x2159,113.27997
ID0x1878,89.01391
ID0x37f1,52.73328
ID0x3f6c,46.30519
ID0x3f66,51.052734
ID0x2608,89.39767
ID0x21f9,108.370415
ID0x2d57,88.58411
ID0x261e,58.917767
ID0x28c0,105.28465
ID0x251f,48.727142
ID0x4b0,109.36803
ID0xfe0,91.49903
ID0x106b,74.24364
ID0xa96,50.06447
ID0x3d31,89.573
ID0x2cb2,89.50941
ID0xd24,38.268936
ID0x1435,50.014534
ID0x2953,55.763695
ID0xee3,109.12505
ID0xa29,26.571259
ID0x56b,35.14698
ID0x2c3f,51.16378
ID0x2c6e,50.938496
ID0x2cad,109.948425
ID0x330d,109.129654
ID0xd2d,110.96982
ID0x3af5,71.23818
ID0x37d4,26.571259
ID0x3378,35.777725
ID0x2a68,50.411045
ID0x45b,77.8267
ID0x7e7,37.20949
ID0x24cb,115.808136
ID0x2ffc,76.76368
ID0x2470,109.84186
ID0xfca,109.72425
ID0x2e52,60.234142
ID0x39c1,50.50101
ID0x3087,108.95376
ID0x36a5,50.476223
ID0x9ed,46.614983
ID0x1b5d,105.624466
ID0x2246,73.76642
ID0x2732,108.49282
ID0xd74,99.59945
ID0x2501,112.15099
ID0x3168,59.283466
ID0x594,111.919136
ID0x2200,49.25659
ID0x558,109.027405
ID0x2e32,87.717255
ID0x25b1,73.24702
ID0x2096,25.700008
ID0xe47,90.943054
ID0x28e9,109.918434
ID0x1561,114.56551
ID0x57d,74.19505
ID0xb5e,51.95487
ID0x2030,93.80491
ID0x1211,46.86017
ID0x1bbf,74.604996
ID0x2814,74.323814
ID0xab3,103.63842
ID0x3887,132.51964
ID0x2410,88.26757
ID0x2194,111.9244
ID0x9c9,145.93584
ID0x3243,125.46891
ID0x7f2,132.66542
ID0x3c5f,49.58755
ID0x1cf2,26.819141
ID0x2014,110.27566
ID0x3fdf,111.94219
ID0x3bec,53.23853
ID0x1d56,106.85448
ID0x38b5,89.679504
ID0x1fe8,113.83029
ID0x3122,90.943054
ID0x1ed2,37.87243
ID0x4f4,47.076714
ID0x2e09,89.45791
ID0x2d4e,129.07625
ID0xed8,51.35025
ID0x949,78.7424
ID0x3c7a,98.21231
ID0x36d1,137.40135
ID0x1626,89.516884
ID0x37c6,53.565052
ID0x3a0e,93.58522
ID0x13cf,54.330585
ID0x2add,108.496956
ID0x228a,106.12627
ID0x1ea5,92.853935
ID0x1f92,112.45964
ID0x700,108.42862
ID0x301a,140.16925
ID0x2569,147.2749
ID0x3ee,112.45964
ID0x123d,103.18049
ID0xce2,104.35418
ID0xa91,91.64478
ID0x14e0,37.25612
ID0xd58,113.00226
ID0x1a1f,92.01958
ID0x178d,58.38226
ID0x2cf5,49.18511
ID0x1e7d,109.42251
ID0x3309,77.358086
ID0x2754,51.052734
ID0x20a4,114.30799
ID0x227f,26.819141
ID0x363c,92.30679
ID0x21b3,92.187775
ID0x3f5b,34.706543
ID0x193b,105.366875
ID0x32a1,51.086174
ID0x3b82,73.806786
ID0xf85,51.35025
ID0x3b4d,47.82515
ID0x67e,100.86689
ID0x22d0,91.95699
ID0x3261,91.52694
ID0x3c4b,108.03315
ID0x138b,110.96982
ID0x173e,48.7886
ID0x1afa,68.81175
ID0x26e2,104.1896
ID0x7c9,72.38846
ID0x32b2,50.50101
ID0xcb9,106.19537
ID0xa05,82.9803
ID0x8c7,104.84628
ID0x654,106.95202
ID0x2c74,77.95579
ID0x262a,37.23074
ID0x574,88.99981
ID0x3fdb,93.70082
ID0x30b6,50.027298
ID0x3cff,51.052734
ID0x7ca,90.85437
ID0x1ece,73.739845
ID0x2252,107.475555
ID0x2315,110.12068
ID0x1998,131.71367
ID0x39de,91.294
ID0x1bb8,51.49793
ID0x2e80,93.27051
ID0x52c,51.28064
ID0x30f2,70.6873
ID0x1ec0,76.37577
ID0x1a96,107.64685
ID0x3044,50.089256
ID0x33b4,74.05595
ID0x3db5,75.263176
ID0x3106,36.567802
ID0x659,111.73447
ID0xfab,108.10367
ID0x916,90.73491
ID0x1204,105.94983
ID0x1e28,38.626343
ID0xd5e,68.527115
ID0x3ec5,126.99787
ID0x468,109.918434
ID0x3fa3,118.23723
ID0x16e3,90.869934
ID0x1dc0,51.052734
ID0x298f,148.4255
ID0xf2f,89.4138
ID0x1373,105.70626
ID0x242c,25.761513
ID0xdfd,49.64684
ID0x303e,90.32859
ID0x249c,110.741394
ID0x3015,50.411045
ID0x3047,26.009396
ID0x1d3c,110.50685
ID0x1cc3,108.95376
ID0x704,105.68577
ID0x33cd,83.44078
ID0x3879,48.378887
ID0x234f,28.081718
ID0x1a8e,129.91145
ID0x1135,46.614983
ID0x3247,50.50101
ID0x3682,54.467182
ID0xfb1,87.06946
ID0x1040,77.61823
ID0x17e4,34.075798
ID0x8f8,108.496956
ID0x1e8f,91.03455
ID0xe5a,111.023415
ID0x1531,107.66986
ID0x3503,107.36055
ID0x19ab,88.128235
ID0x2d71,53.23853
ID0x25be,26.571259
ID0x210e,114.41793
ID0x8a9,26.571259
ID0x11b4,75.08492
ID0x131e,106.66059
ID0x96e,49.88
ID0x25a3,50.916668
ID0x291c,112.143364
ID0xcc9,46.218475
ID0xbf9,101.40617
ID0x1e9b,35.58233
ID0x378f,50.50101
ID0x1ac8,109.12505
ID0x51c,56.86117
ID0x3949,38.023182
ID0x142f,89.4138
ID0x3699,38.268936
ID0xb91,26.625786
ID0x3484,36.96431
ID0xd3f,94.18841
ID0x3d5e,104.42608
ID0x2c8f,86.21727
ID0x2cd8,50.411045
ID0xb35,119.9393
ID0x3e54,116.48317
ID0x30c6,100.501434
ID0x25fb,111.372375
ID0x20d5,53.23853
ID0x25a4,53.23853
ID0x307e,78.438995
ID0x3517,109.20908
ID0x1ff4,74.882324
ID0x2aa4,107.64685
ID0x3c8b,56.36265
ID0x23ba,49.404324
ID0x1323,48.7886
ID0x1aff,40.11774
ID0x16d4,26.432163
ID0x1693,89.06328
ID0x1a1a,34.075798
ID0x980,116.87451
ID0x3743,89.66595
ID0x25a7,108.42862
ID0x376f,92.775345
ID0x1820,118.95745
ID0x43a,112.32673
ID0x29f6,87.0686
ID0x2b77,108.92348
ID0x142d,29.212399
ID0x12b1,95.56758
ID0x36a8,48.128838
ID0xfaa,88.50304
ID0xea1,106.46317
ID0x3b08,74.62028
ID0x3457,118.97029
ID0xfd2,86.0584
ID0x3140,51.55836
ID0xeb9,63.58246
ID0x16f1,104.949104
ID0x4c4,89.33885
ID0x328a,26.493668
ID0x2f98,50.913704
ID0x2703,107.475555
ID0x2708,40.11774
ID0x969,108.90787
ID0x16bb,37.627243
ID0x3ec2,46.218475
ID0x2937,46.218475
ID0x3b1b,50.51508
ID0x2658,120.10134
ID0x1adf,73.5479
ID0x1fd5,106.94964
ID0x2dad,111.876816
ID0xa49,116.91437
ID0x3109,95.83223
ID0x158d,108.204445
ID0x1359,107.6454
ID0x27ab,92.714516
ID0x2750,25.622417
ID0x1e64,54.065598
ID0x273b,89.54105
ID0x3d25,90.45636
ID0x214f,74.73387
ID0x38b7,26.432163
ID0x9d1,25.839104
ID0x1f62,90.3189
ID0x1a2b,49.76899
ID0x25a2,75.087975
ID0x179d,106.20106
ID0x3649,103.87788
ID0x432,82.612495
ID0x2f2f,86.98617
ID0xce9,77.30274
ID0x2ae9,51.49793
ID0x2764,49.18511
ID0x27c8,48.128838
ID0x1f23,56.911808
ID0x443,109.42251
ID0x1449,90.4926
ID0x1837,104.92087
ID0x314c,47.689392
ID0x3796,50.791782
ID0x1e44,89.89656
ID0x11ad,110.18806
ID0x168a,109.38037
ID0x266d,95.03584
ID0x1514,50.089256
ID0x2ea0,113.86205
ID0xfb3,61.049168
ID0x3826,33.998207
ID0x699,108.882
ID0x31b4,25.839104
ID0xad2,111.89495
ID0x34fd,37.901947
ID0x3d4e,113.038185
ID0x31e9,72.80827
ID0x370d,110.52709
ID0x3a7b,50.50101
ID0x2430,89.161026
ID0x5ec,52.735622
ID0x33ff,53.23853
ID0x23c6,51.35025
ID0x1030,34.075798
ID0x19f2,51.67935
ID0x2fa2,35.58233
ID0x3164,111.176125
ID0xf17,51.375664
ID0x65b,112.106804
ID0xdbf,90.89907
ID0x2a0b,51.47314
ID0x2136,92.512596
ID0x1395,104.10127
ID0x1c66,110.74145
ID0xd08,75.48143
ID0x4f8,108.95376
ID0x3598,104.7023
ID0x31af,36.620525
ID0x342b,113.19392
ID0x25d8,50.036026
ID0x3ae1,51.052734
ID0x3679,35.58233
ID0xee5,148.69844
ID0x87f,89.33885
ID0x393d,26.625786
ID0x28b9,78.260216
ID0xfff,54.001896
ID0x90b,110.91232
ID0x19c0,73.81647
ID0x2e7a,104.73338
ID0x36dd,110.4958
ID0x2111,91.60027
ID0x7b2,75.95639
ID0x1208,48.7886
ID0x346a,92.5418
ID0xb6f,51.052734
ID0x3647,51.35025
ID0x2247,26.08699
ID0x3279,109.948425
ID0x1f57,152.49617
ID0x3ece,108.204445
ID0x26b7,26.08699
ID0xc00,107.84665
ID0x2354,109.944695
ID0x375c,48.874565
ID0x1410,115.91378
ID0x25d4,104.74198
ID0x5b3,76.906235
ID0x1fc2,48.125664
ID0x1253,75.43979
ID0x3de0,90.2144
ID0x19db,109.12505
ID0x2e7b,90.56737
ID0x2fef,50.627384
ID0x29f2,51.35025
ID0x1136,108.56128
ID0x31a5,110.67747
ID0xdfa,97.91713
ID0x1083,88.26757
ID0x5a7,38.268936
ID0x37c0,76.2832
ID0x1d3a,113.0716
ID0x1da9,53.23853
ID0x1109,36.567802
ID0x26be,26.819141
ID0x2bdd,111.65028
ID0x12dd,73.81647
ID0x1bf6,26.493668
ID0x15b3,50.50101
ID0x2e4e,116.39744
ID0x3ac6,50.014534
ID0xe39,109.12505
ID0xa7d,36.22402
ID0x3f03,116.3027
ID0xa32,110.96982
ID0x3b6c,111.88804
ID0x3768,109.7011
ID0xb4a,109.35505
ID0x373d,51.49793
ID0xbfe,108.204445
ID0x2f4e,34.075798
ID0xb0f,39.724995
ID0x283b,110.816154
ID0x3865,38.268936
ID0x10cc,116.88596
ID0x3b30,101.88074
ID0x2e2e,54.001896
ID0x23ae,51.49793
ID0x3977,99.41303
ID0x3500,110.25963
ID0x274e,106.7647
ID0x3643,48.868427
ID0x7ce,55.45636
ID0x537,50.758743
ID0xd7a,113.862785
ID0x2776,90.71011
ID0x2be4,107.44981
ID0xae6,51.35025
ID0x2ebb,48.874565
ID0xd49,50.938496
ID0x3be2,26.587536
ID0xb78,110.42932
ID0x25e9,148.76471
ID0x2350,74.06526
ID0x1343,50.51508
ID0x33e3,49.73935
ID0x253a,107.759056
ID0x3389,37.20949
ID0x1e14,108.95387
ID0x1864,74.7898
ID0x3806,55.199387
ID0x3db4,108.234024
ID0x2559,35.777725
ID0x182e,26.493668
ID0x2da2,85.72624
ID0x3d5b,50.50101
ID0x1b59,54.581604
ID0x245f,143.62753
ID0x2c89,37.23074
ID0x2c04,48.82589
ID0x9d6,78.609474
ID0x2383,151.95811
ID0xe71,50.916668
ID0x9e9,93.12569
ID0x3769,75.11271
ID0xa7c,86.2024
ID0xe48,131.87567
ID0x6c0,91.42316
ID0x2ac6,74.92911
ID0x310f,60.6675
ID0x1235,113.40595
ID0x21b5,47.076714
ID0x1261,113.10938
ID0x301f,110.91232
ID0x2537,47.833046
ID0x345d,118.61153
ID0x3a18,110.11066
ID0x1a61,26.571259
ID0x3bbb,74.550316
ID0x2fe8,109.05455
ID0x1d4f,35.777725
ID0x20f8,110.64486
ID0x1720,102.89244
ID0x3c61,101.3098
ID0x19b9,110.61853
ID0x2109,54.139164
ID0x1caf,37.627243
ID0x3039,109.129654
ID0x321e,98.07964
ID0x44b,45.55554
ID0x1f9b,108.01807
ID0x1891,89.005615
ID0x1f02,107.14394
ID0xd02,38.626343
ID0xe67,90.3189
ID0x4c2,47.347042
ID0xb44,73.8594
ID0x3183,52.988506
ID0x2657,46.86017
ID0x33a8,49.066402
ID0x2edb,44.16313
ID0x21ba,105.354935
ID0x1161,111.4003
ID0x3780,111.09344
ID0x32e4,108.683556
ID0xf1c,102.18833
ID0x3cd4,109.34957
ID0x1cc6,57.17083
ID0x53e,52.713554
ID0x21a4,25.99504
ID0x13a5,47.076714
ID0x28f6,88.93496
ID0x8cb,153.77075
ID0x3d15,74.407555
ID0x13d4,70.5028
ID0x3fe1,111.242455
ID0x19fa,111.176125
ID0x25cf,110.06524
ID0x806,73.944405
ID0x29e7,88.082085
ID0x54f,92.69016
ID0x2a1a,110.63158
ID0x3738,86.97991
ID0x2493,39.60673
ID0x2eed,79.97397
ID0x31c0,102.10767
ID0x3052,109.85363
ID0x1331,88.44072
ID0x3132,50.50101
ID0x1e94,108.69166
ID0x3936,54.001896
ID0x12ce,82.16674
ID0x3fdd,94.37257
ID0x2079,85.69444
ID0x3b43,86.99707
ID0x3f6a,40.089737
ID0x12e4,75.70091
ID0x404,103.74385
ID0x262e,115.20184
ID0xd2c,111.086205
ID0x1054,109.950195
ID0x3614,110.64486
ID0x32f6,108.900085
ID0x741,107.64685
ID0x29c7,108.874626
ID0x23cd,54.065598
ID0x1b3f,90.36377
ID0x3f0c,77.36998
ID0x30f8,51.35025
ID0x80c,105.354935
ID0xa44,107.6748
ID0x2ee7,75.087975
ID0x22ed,112.21819
ID0x3a4c,55.573772
ID0x129e,48.868427
ID0x3424,108.49832
ID0x2165,34.706543
ID0x1ea0,26.08699
ID0x1714,76.04482
ID0x35f7,77.386024
ID0x3693,36.620525
ID0xc6e,36.22402
ID0x895,102.948074
ID0x3330,82.16945
ID0xe52,88.67301
ID0xafa,47.256676
ID0x22ce,107.93132
ID0x214c,50.50101
ID0x1262,111.52708
ID0x18f9,108.257324
ID0x1669,107.948326
ID0x5f0,37.20949
ID0x777,76.2832
ID0x2ebe,108.25551
ID0x3783,105.70626
ID0x35cc,113.95599
ID0x2853,107.82194
ID0x1725,68.9566
ID0x4e7,113.24733
ID0xdec,87.28523
ID0x1cac,105.66945
ID0x17d6,78.21166
ID0xac4,113.24733
ID0x32b9,50.79686
ID0x3e36,112.85783
ID0x1a94,52.336773
ID0x82b,39.56777
ID0x3b97,47.076714
ID0x2b8e,100.492744
ID0xab4,77.76649
ID0x9c3,108.63081
ID0x2baa,38.268936
ID0x1ce7,94.38236
ID0x271d,78.501274
ID0x14a6,107.475555
ID0x31c1,89.56595
ID0x1d50,95.82818
ID0xf6f,59.58307
ID0x54a,52.320076
ID0x1d42,105.37822
ID0x322d,109.12505
ID0x3d26,90.72387
ID0x2cde,50.50101
ID0x1ec4,53.23853
ID0x569,49.167038
ID0x3960,104.31225
ID0x2615,36.22402
ID0x3dde,54.001896
ID0x4c7,93.28429
ID0x1963,49.404324
ID0x28f5,34.075798
ID0x803,76.37577
ID0x3209,109.72425
ID0x231a,145.99432
ID0x3a3a,89.727776
ID0x167a,115.91378
ID0x1e05,59.69797
ID0x444,86.66579
ID0x2e51,89.23211
ID0x2425,49.83051
ID0x151b,109.22122
ID0x30c7,91.406685
ID0x3cf1,40.11774
ID0x1c22,107.64685
ID0x179b,75.9594
ID0x3150,72.53501
ID0x2d64,91.56687
ID0x1e2a,50.50101
ID0xedb,74.28985
ID0x1281,76.35543
ID0x1715,86.145256
ID0x140d,109.16666
ID0x37ea,26.819141
ID0x3134,109.04122
ID0x1fcc,113.95599
ID0xed1,53.23853
ID0x3b19,112.62651
ID0x30a9,111.46146
ID0xe9d,112.822334
ID0x1d86,57.19696
ID0x4b3,112.29115
ID0x3f7d,115.92724
ID0x3456,89.5229
ID0x370a,35.777725
ID0x3d33,108.90787
ID0xb52,52.5232
ID0x88a,61.924202
ID0x3ce4,25.761513
ID0x1c0c,49.766647
ID0x3e93,108.10172
ID0x3f01,50.089256
ID0x3edb,73.887184
ID0x8f4,109.12505
ID0x13b0,126.66159
ID0xaac,90.71011
ID0x2d33,69.372635
ID0x35a1,54.001896
ID0x8ea,25.99504
ID0x634,109.03986
ID0x36af,38.35991
ID0x2489,77.76009
ID0x2313,108.64074
ID0x2ba1,111.52708
ID0x1954,110.27566
ID0x3422,75.68004
ID0x841,106.19537
ID0x1234,89.79239
ID0x1c38,50.43679
ID0xe80,111.5234
ID0x1576,26.493668
ID0xfed,110.409836
ID0x2aed,112.208496
ID0x920,26.571259
ID0x288e,76.50096
ID0x32a0,92.57672
ID0x1193,116.21343
ID0xcd5,53.8833
ID0xc33,108.2827
ID0x15cd,49.300293
ID0x75f,74.075356
ID0xcc7,39.60673
ID0xb2a,91.06097
ID0x16c5,99.5345
ID0x3f22,54.14958
ID0x34dc,36.567802
ID0x3f81,76.611084
ID0x1b72,49.766647
ID0x3932,110.91232
ID0x2d04,50.043346
ID0x14a7,75.55988
ID0xbb8,35.777725
ID0x132c,109.63943
ID0x2808,112.15099
ID0xf8e,102.06638
ID0x12ec,46.218475
ID0x541,110.23048
ID0x1775,71.712555
ID0x51a,38.943794
ID0x1251,79.510345
ID0x906,106.84475
ID0x302e,39.724995
ID0x229a,114.91876
ID0x3f67,96.977196
ID0x701,37.901947
ID0x2772,91.734764
ID0x278b,49.76899
ID0x400a,111.47552
ID0x38be,49.766647
ID0x1866,74.917465
ID0x18fb,111.9244
ID0x73b,51.35025
ID0x255c,50.43679
ID0x11f8,110.93672
ID0x1946,46.218475
ID0x2dfe,109.63457
ID0x21ef,26.819141
ID0xa59,53.8833
ID0x2640,74.83485
ID0x4000,34.075798
ID0x2465,37.23074
ID0x33b3,152.15695
ID0x13e9,111.52708
ID0x3aab,105.864395
ID0x2c36,73.34151
ID0x2594,114.04621
ID0x2ea7,84.02947
ID0x147c,108.34041
ID0x24b3,110.530975
ID0x220b,74.075264
ID0x3d7b,53.486794
ID0x3266,49.327595
ID0x3113,50.50101
ID0x30be,110.56573
ID0x22ae,35.978836
ID0x387c,50.025036
ID0x961,50.014534
ID0x3189,26.096516
ID0x2f93,109.33834
ID0x795,87.717255
ID0x1ab2,48.868427
ID0x17a6,109.34984
ID0x13d8,25.761513
ID0x2fb3,88.26757
ID0x1f93,110.27566
ID0x324a,27.319687
ID0x1aa7,50.089256
ID0x2a3f,73.18321
ID0x2aad,98.01243
ID0x30a1,119.69607
ID0x3b85,90.22042
ID0x18ba,106.26594
ID0x26b0,109.510605
ID0xcbe,111.80096
ID0x32d9,82.03143
ID0x2e24,108.03315
ID0x3664,50.50101
ID0xcf9,26.819141
ID0x342d,89.33443
ID0x3006,76.37577
ID0x2b4d,74.271866
ID0x3d39,90.71011
ID0x339a,52.929127
ID0x321a,48.7886
ID0x237f,49.007816
ID0x12a6,106.36666
ID0x66c,77.76009
ID0x340c,104.74198
ID0x1017,89.03041
ID0xe42,51.95487
ID0xbbd,75.087975
ID0x170d,54.805042
ID0xbc3,51.55836
ID0x2b01,108.28415
ID0xb85,26.009396
ID0x1303,35.978836
ID0xc82,95.10627
ID0x3583,92.21472
ID0x1bb9,26.819141
ID0x2ea1,36.567802
ID0x22b6,109.72425
ID0x1baa,73.36115
ID0x1d11,49.66796
ID0x2cca,29.212399
ID0x396a,34.075798
ID0x3b03,148.09668
ID0xd13,76.906235
ID0x3813,50.50101
ID0x3c73,36.567802
ID0x1d12,90.27221
ID0x1d6e,102.98667
ID0x17c2,85.35549
ID0x1f58,46.218475
ID0x437,107.93238
ID0x1420,52.336773
ID0xd52,38.626343
ID0x40e,89.052345
ID0x1338,37.963406
ID0x1060,132.86427
ID0x365b,111.95073
ID0x3ca4,26.571259
ID0x251e,103.59355
ID0x34b6,106.11717
ID0xbac,35.58233
ID0x155b,26.571259
ID0x320e,50.50101
ID0x1fa0,34.075798
ID0x2370,54.491104
ID0x2c53,26.571259
ID0xd53,48.7886
ID0x31f8,89.99608
ID0x13cb,49.766647
ID0x3642,106.66059
ID0x366a,111.95073
ID0x3678,49.766647
ID0x1285,112.45964
ID0x28c2,110.61853
ID0x1875,106.08842
ID0x2a7f,51.052734
ID0xf15,47.324604
ID0x2e33,37.20949
ID0x29bf,75.05766
ID0x18a9,52.826775
ID0x3586,107.64685
ID0x2f66,113.40595
ID0x1f05,108.204445
ID0x2c69,83.00509
ID0x38ca,48.402023
ID0x1964,36.17423
ID0x2dc6,115.08382
ID0x32e2,110.91232
ID0x3a0d,107.886475
ID0x3f72,76.84477
ID0x723,102.436584
ID0x2291,109.05455
ID0x26bc,83.66997
ID0x1130,50.43679
ID0x1b9d,33.998207
ID0x1390,92.23336
ID0x35f5,107.48328
ID0x1cba,91.169
ID0x1b2f,50.089256
ID0x1928,85.49681
ID0x12c4,38.35991
ID0x4c6,47.076714
ID0x3724,77.30274
ID0x3d93,34.706543
ID0x2b47,108.10367
ID0x1363,110.64486
ID0x3e1d,39.60673
ID0x9d8,50.938496
ID0xdbb,28.994957
ID0x18db,73.86764
ID0x367d,134.75739
ID0x1d3b,54.208958
ID0x2a70,122.205894
ID0x5fe,70.34828
ID0x1a43,107.770164
ID0x2903,51.086174
ID0x2d28,82.211006
ID0x4d7,26.493668
ID0x35e7,85.54236
ID0x1e9c,149.84903
ID0x2bb4,132.6167
ID0x3e5b,37.606
ID0x3a59,85.1088
ID0x1aee,47.256676
ID0x3e07,89.871765
ID0x38e4,51.086174
ID0x39f9,88.26757
ID0x1b89,53.085205
ID0x2093,36.567802
ID0x15be,106.19537
ID0x1bc1,110.72703
ID0x37ba,49.18511
ID0x281a,113.40595
ID0x27f1,37.23074
ID0x16ce,73.10133
ID0x2996,71.48553
ID0x8f9,117.45931
ID0x1131,36.96431
ID0x11ce,46.614983
ID0x3fe,113.39982
ID0x903,26.819141
ID0x1d3f,81.455894
ID0x3045,54.065598
ID0x1fbc,107.322296
ID0x1b68,71.62679
ID0x2152,130.69377
ID0x2507,52.68922
ID0x39e8,147.2749
ID0xc89,49.766647
ID0x36bd,148.63474
ID0x1a05,72.91276
ID0x1bb3,34.706543
ID0x1bba,107.927765
ID0x9f4,111.43824
ID0x2beb,104.45751
ID0x1e39,122.15873
ID0x289b,50.79686
ID0xf5e,25.700008
ID0x1caa,49.167038
ID0x1acc,94.76016
ID0x3c33,111.95306
ID0x667,34.706543
ID0x13d7,109.431076
ID0x15b1,69.73096
ID0x146b,53.23853
ID0xcaf,91.529724
ID0x2d83,53.565052
ID0x23d2,46.614983
ID0x1d4b,52.58466
ID0x3b80,77.10962
ID0x3dd5,26.432163
ID0x1c57,112.714516
ID0x3b4b,105.99088
ID0xabd,108.95272
ID0x25b6,46.86017
ID0x172a,108.36253
ID0x2b85,50.50101
ID0xa42,77.88854
ID0x36e9,104.48679
ID0x221e,87.64115
ID0x93d,109.076035
ID0x2863,46.06398
ID0x3b69,48.18043
ID0x1635,52.5232
ID0x15d9,111.27979
ID0x3be3,90.522705
ID0x2621,145.93546
ID0x18f2,108.95272
ID0x2e89,109.72425
ID0x1f30,113.95599
ID0xa66,47.82515
ID0x1280,37.627243
ID0x172e,33.998207
ID0x34cc,103.66383
ID0x2623,92.18416
ID0x4d0,77.74652
ID0x2e9f,47.256676
ID0x3d76,85.35425
ID0x1587,38.943794
ID0x3ba7,51.052734
ID0xa9a,107.55082
ID0x887,48.125664
ID0x2482,88.98911
ID0x395a,72.15922
ID0x28f0,108.62377
ID0x380f,108.9112
ID0x1682,105.153656
ID0x25c2,106.54639
ID0xc2a,108.03315
ID0x31e4,53.8833
ID0x1115,121.8908
ID0x147e,89.871765
ID0xfc7,75.53293
ID0x2755,92.723526
ID0x1533,74.47245
ID0x3baf,54.001896
ID0x2970,110.51495
ID0x189e,109.383194
ID0x3360,50.50101
ID0x20e6,76.819016
ID0x71c,114.58218
ID0x1728,107.406456
ID0x1a69,91.87389
ID0x11d4,105.65406
ID0x358a,100.60055
ID0x1f5c,38.943794
ID0x17f6,87.39276
ID0x3572,53.565052
ID0x2785,101.97419
ID0x610,109.05455
ID0x2886,40.536697
ID0x1c8b,26.08699
ID0x28fc,50.411045
ID0xb0a,36.567802
ID0x32c7,91.84006
ID0x2a06,77.48328
ID0x1d20,48.525345
ID0x180c,55.462494
ID0x2747,58.14562
ID0x3215,26.625786
ID0x2c17,26.932709
ID0x21fc,49.766647
ID0x1009,111.96705
ID0xb8c,111.66625
ID0x1bcd,99.41091
ID0x244e,112.5501
ID0x3c48,61.189865
ID0x199f,56.821823
ID0x204a,75.22212
ID0x25ce,88.53872
ID0x35b2,36.567802
ID0x15d1,107.77117
ID0x1471,49.76899
ID0x3c9a,46.86017
ID0x28a0,104.686516
ID0xa37,37.23074
ID0x1865,91.34555
ID0x357b,112.879906
ID0x14ce,106.19537
ID0xfe7,108.42862
ID0x450,49.76899
ID0x2a36,50.50101
ID0x20c6,72.64577
ID0xcc2,51.35025
ID0x3470,53.213737
ID0x3098,87.81009
ID0x23b7,25.700008
ID0x295c,89.49724
ID0x1b61,91.20601
ID0x3cd2,50.50101
ID0x3a0c,108.49832
ID0x1ac3,113.86205
ID0x2e08,110.72838
ID0x253e,111.43824
ID0x127d,26.587536
ID0x3dd9,74.640144
ID0x3a1a,105.55241
ID0x2b82,48.7886
ID0x147d,89.24207
ID0x2e6c,107.84757
ID0xb04,112.143364
ID0x3423,110.45606
ID0x33f9,153.77075
ID0x1206,113.95599
ID0x2a9a,46.19723
ID0x2f50,113.83029
ID0x1d85,74.83485
ID0x366d,108.257324
ID0x3a11,107.27427
ID0x309d,26.571259
ID0x3af0,50.476223
ID0x3d02,83.56736
ID0x1be6,35.777725
ID0x11e0,107.73141
ID0x626,76.69801
ID0x111c,26.08699
ID0x132f,107.00595
ID0x1524,49.766647
ID0x9ca,51.777252
ID0x1958,101.0005
ID0x3170,37.606
ID0x1ec2,85.989105
ID0x53f,115.1744
ID0xf10,105.26509
ID0x5cc,37.20949
ID0x34a3,47.473225
ID0x3b23,53.317165
ID0x3ef0,107.76285
ID0x2298,108.03315
ID0x300b,91.31094
ID0x3c1d,107.21677
ID0x3ff7,83.33724
ID0x1719,40.780674
ID0x2fc7,48.7886
ID0x17d0,107.089836
ID0x709,109.948425
ID0xf5c,55.34052
ID0x458,53.486794
ID0x363b,109.802826
ID0x1a36,76.452225
ID0xf44,35.58233
ID0x1e8d,48.362804
ID0x1d4a,112.890114
ID0x2dc0,106.04976
ID0x2bc2,108.51228
ID0x74b,109.038
ID0x103e,35.58233
ID0x344b,111.4003
ID0x981,75.28321
ID0x363d,76.77228
ID0x2fe7,109.94857
ID0x3795,108.204445
ID0x338d,51.49793
ID0x2d90,149.09637
ID0x1fdd,75.96082
ID0x8fc,111.919136
ID0x759,90.71011
ID0x15e4,105.51763
ID0x1c79,104.50244
ID0x430,49.300293
ID0x24f6,48.727142
ID0x28dc,107.475555
ID0x1071,76.77228
ID0x1e9a,90.71011
ID0x3017,49.76899
ID0x3869,50.411045
ID0x86f,51.97924
ID0xe24,110.93978
ID0x21db,106.93706
ID0x29fa,80.12826
ID0x3a41,89.24761
ID0x652,111.639015
ID0x306d,109.12505
ID0x14f5,48.21961
ID0x20f1,75.947296
ID0x36ac,87.57758
ID0x30ab,76.75816
ID0x2072,48.221657
ID0xfc0,112.123604
ID0x37da,49.993294
ID0xe18,89.89656
ID0x39df,107.67536
ID0x14d2,77.10962
ID0x1467,50.79686
ID0x29ac,108.95376
ID0x1aa5,141.5383
ID0x3770,49.18511
ID0x3b21,49.766647
ID0x3786,118.039444
ID0x82a,36.22402
ID0x3f61,26.571259
ID0x16eb,112.00721
ID0x797,86.92128
ID0xdc8,114.656654
ID0x2a59,37.627243
ID0x3624,113.38204
ID0x18d4,26.009396
ID0x3f9a,114.03333
ID0x2016,76.66396
ID0x3c37,26.819141
ID0x18a2,49.76899
ID0x3221,108.03315
ID0x2d18,53.565052
ID0x695,119.35314
ID0x136b,75.53262
ID0x3c84,102.08669
ID0x918,106.87018
ID0x13f2,26.819141
ID0x20ed,114.01197
ID0x21a0,50.089256
ID0x363f,77.2017
ID0x2466,110.435524
ID0x2738,37.627243
ID0x27f2,73.8594
ID0x19be,38.626343
ID0x1517,89.24761
ID0x2345,26.625786
ID0x6fe,49.211926
ID0x219e,113.276505
ID0x352e,51.860268
ID0x2a84,115.236626
ID0xa3e,53.70717
ID0x39ed,109.163795
ID0x2792,53.531452
ID0x3082,109.33795
ID0x1bf8,35.069386
ID0x170c,88.67301
ID0x2d19,49.327595
ID0x12a5,53.840324
ID0x1a5b,90.73491
ID0xb7d,51.95487
ID0x26ce,50.50101
ID0x2f56,50.014534
ID0x39d3,54.50779
ID0x3018,110.76854
ID0xd39,88.016235
ID0x1f68,106.7647
ID0x2523,85.055046
ID0x781,94.510956
ID0x19bd,147.14493
ID0x356d,37.87243
ID0x2d9e,93.37107
ID0x3a81,37.606
ID0x3f02,106.20106
ID0xbcd,51.55836
ID0x2cc0,34.075798
ID0xd27,37.606
ID0x3b14,108.900085
ID0x6e3,150.94748
ID0x1b15,47.256676
ID0x2a4b,55.141743
ID0x1340,79.44454
ID0x2433,111.34413
ID0x2068,49.73935
ID0x3a87,109.49668
ID0x151e,56.49745
ID0x1d70,96.10851
ID0x2af5,111.02372
ID0x3550,36.567802
ID0x23c9,73.34151
ID0x241c,86.24049
ID0x3ec,49.766647
ID0x8fd,95.253876
ID0x1a42,89.45791
ID0x3df6,37.23074
ID0x32ca,107.560524
ID0x12f6,116.691666
ID0x31dd,26.382019
ID0xa54,52.58466
ID0x1942,70.332115
ID0x315d,73.22691
ID0x35a6,54.001896
ID0x2d15,105.346344
ID0x1f2a,72.55204
ID0x1657,103.49171
ID0x43d,105.346344
ID0xeda,49.766647
ID0x17e1,27.35794
ID0x2981,37.25612
ID0x3155,79.13697
ID0x3cc0,110.91428
ID0x31d3,77.95579
ID0x310e,51.35025
ID0x321b,110.9562
ID0x3a75,26.587536
ID0xbf5,50.476223
ID0x97d,102.75551
ID0x224b,80.152916
ID0x2260,105.428215
ID0x37c9,74.83485
ID0x1335,97.62879
ID0x2b76,50.656227
ID0x3b5c,112.9363
ID0xb28,50.50101
ID0x848,108.900085
ID0x13e0,111.91176
ID0x26d1,110.409836
ID0x3399,103.76484
ID0x33eb,108.256966
ID0x2858,48.525345
ID0x2306,51.55836
ID0xe9b,107.439644
ID0x23f3,51.67935
ID0x1c46,106.83923
ID0x1665,48.128838
ID0xfd9,50.656227
ID0x14bf,72.78898
ID0x3886,54.72999
ID0x23f1,35.069386
ID0x1189,73.42296
ID0x2f3f,112.45964
ID0x324f,54.001896
ID0xd15,88.50473
ID0x260d,35.978836
ID0x11bf,25.700008
ID0x3adf,154.15924
ID0x2bde,88.851456
ID0x3ee0,50.938496
ID0x18e4,49.56394
ID0x476,100.33406
ID0x3694,37.963406
ID0x19cc,105.63595
ID0x33df,81.845024
ID0x3cec,91.39987
ID0x296a,50.411045
ID0x26f3,107.39736
ID0x1f13,51.777252
ID0x35f8,112.45964
ID0x1b8c,77.88854
ID0x215c,91.84619
ID0x162d,26.509941
ID0x721,108.49282
ID0xaab,95.87156
ID0x2166,109.12505
ID0x299a,89.36365
ID0x21e5,89.79239
ID0x3f9e,52.336773
ID0x18df,40.780674
ID0x3302,48.7886
ID0x3be8,112.38015
ID0x3f24,113.15739
ID0x2da3,73.62341
ID0x12ac,76.41389
ID0xfae,89.189156
ID0x21f4,49.64684
ID0xd46,112.219894
ID0x264e,50.50101
ID0xfa4,49.18511
ID0x3cc9,53.23853
ID0x2d2e,51.843147
ID0x46a,34.075798
ID0x1705,107.886475
ID0x395f,107.31699
ID0x3640,47.09935
ID0xcb4,76.37577
ID0x8b3,49.766647
ID0xb97,48.868427
ID0x4e0,50.62723
ID0x1aa9,109.74714
ID0x3994,121.37591
ID0x32e1,129.09705
ID0x386f,103.0108
ID0x134f,48.525345
ID0x2502,54.467182
ID0x5e6,110.9562
ID0x3326,110.82046
ID0x682,26.571259
ID0x307b,50.50101
ID0x3dd3,109.080284
ID0x3900,94.07974
ID0x389d,110.36307
ID0xd45,106.94964
ID0x303d,36.567802
ID0x2f31,108.107925
ID0x2cc4,53.8833
ID0x79d,88.51807
ID0x3ccd,87.863884
ID0x1ac6,69.94112
ID0x34ce,49.66796
ID0x2cdf,87.50842
ID0x167b,109.63943
ID0x922,38.35991
ID0xa4e,51.09547
ID0x1602,92.23794
ID0x31bb,51.052734
ID0x875,118.61153
ID0x3b9c,112.79719
ID0x29c8,116.88885
ID0x1c41,51.49793
ID0xe9c,33.998207
ID0x25f6,111.4003
ID0x358e,105.94134
ID0x3dba,53.565052
ID0x1ae9,128.07515
ID0x1457,53.23853
ID0x2e34,111.01468
ID0x3e72,123.909195
ID0x502,109.72425
ID0x18c5,49.766647
ID0x3622,50.890846
ID0x1f59,110.50363
ID0x10c2,96.3307
ID0x68a,109.38037
ID0x18c3,132.65503
ID0x1e54,35.14698
ID0x400d,35.93796
ID0x186f,116.91229
ID0x1782,112.025955
ID0xc80,44.510406
ID0x3882,101.14389
ID0x196c,77.88854
ID0x1c13,47.833046
ID0x1327,77.27791
ID0x3460,108.25629
ID0x1e90,51.97924
ID0x11ae,73.467186
ID0x1cc9,76.80415
ID0xe98,36.96431
ID0x3e8c,101.14773
ID0x3ff2,109.129654
ID0x3e1f,48.7886
ID0x3d57,36.22402
ID0x23dd,86.32489
ID0x11e1,26.819141
ID0x3bab,54.86156
ID0x26de,115.14297
ID0x2dc3,107.21677
ID0x1b66,103.464424
ID0x47a,38.35991
ID0x2f36,92.21471
ID0x2083,89.53924
ID0x192c,133.42822
ID0x3f52,68.302605
ID0x3605,71.22122
ID0x238a,94.98224
ID0x3504,50.163155
ID0x168b,73.73801
ID0xc34,49.766647
ID0x2525,77.1544
ID0x2bb8,109.12505
ID0x2242,103.56838
ID0x1406,128.39795
ID0x515,78.09649
ID0x3029,110.009476
ID0x3354,50.656227
ID0xeb8,46.614983
ID0x234b,105.346344
ID0xa65,115.66057
ID0x9da,110.98129
ID0x2c1d,51.35025
ID0xe3f,25.761513
ID0x3e24,110.96743
ID0x3ed6,47.82515
ID0x23da,47.30336
ID0x1e71,104.64954
ID0x28b2,49.327595
ID0x3afc,50.089256
ID0x1485,110.96982
ID0x144b,90.54599
ID0x2dc7,95.11061
ID0x14eb,49.73935
ID0xa9b,54.467182
ID0x1eb7,51.35025
ID0xe50,52.58466
ID0x3417,52.336773
ID0x3f23,50.50101
ID0x132a,78.260216
ID0xb34,108.73258
ID0x20c8,26.493668
ID0x251c,52.981167
ID0x15f6,26.625786
ID0x332e,39.022846
ID0x3495,50.938496
ID0xdf9,49.766647
ID0x12fc,107.04736
ID0x758,111.80167
ID0x3cb4,35.978836
ID0x39f2,109.12505
ID0x208c,50.411045
ID0x2acf,53.737823
ID0x188c,50.50101
ID0x1b97,110.25963
ID0x743,53.481346
ID0x9f1,52.826775
ID0x3d87,110.51495
ID0x575,49.45016
ID0x365a,113.24733
ID0x1c27,111.58153
ID0x747,89.04019
ID0x2e45,75.78055
ID0x3d97,54.208958
ID0x2fd5,51.55836
ID0x1c23,51.301136
ID0x312e,52.981167
ID0x2dd9,26.009396
ID0x877,98.53626
ID0x2442,51.95487
ID0x511,25.839104
ID0x18f1,46.218475
ID0x2625,132.47647
ID0x1242,73.34151
ID0x3cf3,53.481712
ID0x131b,26.571259
ID0x218c,107.66986
ID0x1039,51.777252
ID0x2e15,95.33228
ID0x34bd,25.839104
ID0x2420,107.58897
ID0x372e,53.565052
ID0x5c6,89.6306
ID0xb83,37.606
ID0x1460,103.08928
ID0x2ecb,89.590744
ID0x1507,25.700008
ID0x3a1d,51.95487
ID0x212a,108.496956
ID0x15e7,48.362804
ID0x1f8d,90.73491
ID0x27ea,108.95376
ID0x3de7,109.72425
ID0x29af,74.471855
ID0x1480,55.636047
ID0x1a3d,74.73387
ID0x8f0,113.40595
ID0x1114,53.737823
ID0xae5,46.218475
ID0xea7,55.115837
ID0xd47,88.44072
ID0x35df,84.47821
ID0x2a41,91.08576
ID0x196a,90.943054
ID0x327c,134.14127
ID0x1e84,50.079716
ID0xc2c,149.6673
ID0x1ba2,48.62324
ID0x24e2,76.28451
ID0x3246,50.938496
ID0x853,75.11271
ID0x1c72,104.611626
ID0x39d6,76.906235
ID0xe9e,110.816154
ID0x274a,108.64074
ID0x352a,76.07654
ID0x14cd,79.26656
ID0x158f,55.583992
ID0x2680,61.551952
ID0x1bc7,93.279854
ID0x568,109.918434
ID0x2b11,52.981167
ID0x2b07,106.35776
ID0x2505,87.60237
ID0x3020,109.16666
ID0x2c7a,105.354935
ID0x2944,56.059338
ID0x3660,49.73935
ID0x3a2d,37.627243
ID0x2bc0,100.84675
ID0x24cf,118.61153
ID0x3f2b,59.271027
ID0x2020,46.614983
ID0x34c5,106.19537
ID0x1439,110.42932
ID0x372a,107.57748
ID0x390c,111.79033
ID0x1127,26.009396
ID0x3b38,56.49745
ID0xe7f,113.27571
ID0x1ad7,107.475555
ID0xc87,25.839104
ID0x1d1e,108.204445
ID0x284d,105.51604
ID0xf38,26.432163
ID0x943,51.55836
ID0x13f7,89.33275
ID0xd1b,46.218475
ID0xfa6,107.82194
ID0x2928,107.475555
ID0x184b,48.128838
ID0x282c,108.03315
ID0x2443,115.446724
ID0x2a2c,89.54105
ID0x2ae2,51.67935
ID0x18a3,108.204445
ID0x13fc,114.50871
ID0x3262,90.943054
ID0x33c0,89.56595
ID0x1147,93.46861
ID0x3a21,105.126976
ID0x160b,55.01001
ID0x1db9,50.163155
ID0x2e97,86.33451
ID0x22aa,56.05186
ID0x2fb9,56.860607
ID0x23c1,110.04029
ID0x1a22,110.76854
ID0x114b,51.35025
ID0x30d2,112.98487
ID0x7c4,73.806786
ID0x3317,108.78143
ID0x6c6,37.23074
ID0x1e5f,38.626343
ID0x20a1,84.31866
ID0x3c5d,104.40699
ID0x1861,76.771545
ID0x3226,90.65327
ID0x1d54,89.10195
ID0x2679,106.42822
ID0x1203,49.73935
ID0x39f6,108.95376
ID0x15cb,111.52708
ID0x206a,114.76386
ID0x644,52.330856
ID0x290a,87.89925
ID0x2cb1,106.82348
ID0x3cc6,121.924255
ID0x1609,51.67935
ID0x1e00,92.40357
ID0x27ef,109.792274
ID0x1098,50.916668
ID0x1795,109.27872
ID0x1530,91.08488
ID0x17b2,115.605774
ID0x1ad9,47.256676
ID0x3bc1,52.017704
ID0x1d7f,114.04072
ID0x1329,53.8833
ID0x192a,114.97294
ID0x16ca,119.98007
ID0x2f18,115.96824
ID0x20bf,90.69172
ID0x1192,74.83485
ID0x1e8b,111.876816
ID0x3021,107.560524
ID0x2500,112.32673
ID0x16f7,57.3604
ID0x2120,72.98512
ID0x39ac,113.525764
ID0x3534,144.5966
ID0x378c,109.49668
ID0x65d,88.493286
ID0x3dec,99.32096
ID0x1a48,51.052734
ID0x1f41,34.706543
ID0x20b2,116.62644
ID0x1b5f,110.62641
ID0x3c46,73.5962
ID0xbc8,50.089256
ID0x307f,26.493668
ID0x365d,75.701614
ID0xeeb,106.43308
ID0x3439,73.01088
ID0x2441,151.95811
ID0x15a7,50.089256
ID0x390e,110.4958
ID0x3bc5,103.95922
ID0x31d5,46.86017
ID0x3597,51.35025
ID0x105f,80.001434
ID0x3f9c,54.14958
ID0x9ef,53.085205
ID0xc6d,93.334435
ID0xafe,71.61773
ID0x350c,53.23853
ID0x307c,74.186325
ID0xf9e,37.20949
ID0x632,109.33834
ID0xbae,113.40595
ID0x2e3c,71.902534
ID0x2f72,50.916668
ID0xbc2,113.39129
ID0x18bf,108.257324
ID0x3cbe,120.74832
ID0x2816,49.575653
ID0x3eec,143.79083
ID0x256a,76.586296
ID0x1a99,71.95507
ID0x238d,36.22402
ID0xc49,46.91944
ID0x4f9,109.64883
ID0xb1f,108.95376
ID0x514,37.606
ID0x15b8,46.218475
ID0x34c8,48.62324
ID0x2837,74.917465
ID0x71e,35.978836
ID0xbca,88.55932
ID0x13a6,116.53644
ID0x1e2d,73.72679
ID0x39cb,98.54072
ID0x29ca,105.51763
ID0x7da,109.16666
ID0x1d3e,49.766647
ID0x4fa,71.237595
ID0x29ae,46.218475
ID0x2aea,114.76632
ID0x2082,109.72425
ID0xc38,106.33762
ID0x784,109.948425
ID0x17af,93.04691
ID0x414,110.64486
ID0x30e9,108.95376
ID0x2acb,74.467026
ID0x2dfa,38.35991
ID0x2cea,69.6695
ID0x3d91,27.35794
ID0x12bc,70.4739
ID0x3957,51.35025
ID0x3a94,108.10367
ID0x1a31,34.706543
ID0x33ea,26.819141
ID0x3508,87.3089
ID0x2dbc,50.522976
ID0x2d87,110.64486
ID0x640,109.20908
ID0x11d8,86.92128
ID0x3258,75.76415
ID0xf9c,52.390995
ID0x105d,70.871544
ID0x1f43,109.42251
ID0x2411,102.098495
ID0x2e87,47.903446
ID0x1191,35.58233
ID0x1202,110.68739
ID0x33a6,108.10367
ID0x6b2,114.03333
ID0x289e,48.451057
ID0x2f53,111.01468
ID0x3d3c,50.163155
ID0x3458,27.319687
ID0xf1f,94.263916
ID0xbf0,87.68287
ID0x3086,102.71082
ID0x25c1,113.19392
ID0x3ae6,26.819141
ID0x13e1,108.370415
ID0x3131,89.95493
ID0x385f,52.981167
ID0xbb9,75.53262
ID0x1b22,112.236786
ID0x383d,85.653305
ID0x653,107.77382
ID0xdc4,35.58233
ID0x2670,38.268936
ID0xd03,74.52355
ID0x1ee4,76.49199
ID0x33da,48.525345
ID0x1167,101.560196
ID0x15a8,41.66849
ID0x32af,50.79686
ID0x580,26.625786
ID0x10e2,76.46785
ID0x31b2,108.6024
ID0x10a8,33.214935
ID0x227b,109.038
ID0x2bcc,73.2954
ID0x2d7a,87.06946
ID0x2056,50.50101
ID0x3a24,43.413486
ID0x296c,50.829147
ID0x2563,111.8525
ID0x3b3d,113.46483
ID0x33dd,87.087006
ID0x1c15,84.64868
ID0x22da,94.52673
ID0xcf4,37.627243
ID0x2463,113.552216
ID0x2d99,90.71011
ID0x2d5f,26.625786
ID0x3073,90.89472
ID0x3ec7,35.58233
ID0x198e,109.12505
ID0x2d63,106.192116
ID0x5f7,105.20845
ID0x3601,111.95073
ID0x58b,109.16666
ID0x3b56,89.753624
ID0x14a3,108.81575
ID0x3d0b,107.66649
ID0xe10,59.100178
ID0x33fb,48.7886
ID0xac9,109.32665
ID0x35fd,107.948326
ID0x2e29,48.128838
ID0x210a,39.022846
ID0x2c9c,101.03375
ID0x37f7,115.68776
ID0x2a02,51.35025
ID0xe92,50.476223
ID0xcc0,111.42687
ID0x1b3b,110.18806
ID0x2e1a,74.267204
ID0x2be8,106.11717
ID0x3c69,110.38133
ID0x3b2b,149.6673
ID0x85c,104.67441
ID0xb5b,33.998207
ID0x3a89,50.411045
ID0x2dcf,37.833557
ID0x31d4,85.378456
ID0x30b0,113.57349
ID0x292c,109.16666
ID0x296e,74.212975
ID0x3d35,72.87049
ID0x29b8,33.998207
ID0x3216,37.25612
ID0x2d10,46.06398
ID0x1fff,82.75591
ID0x398f,53.8833
ID0x15d2,51.09547
ID0x2dd6,51.35025
ID0x14d3,85.01964
ID0x3064,109.38037
ID0x137f,110.05564
ID0x772,110.18806
ID0x19a2,76.50096
ID0x195b,73.34151
ID0x20bb,49.73935
ID0x12cd,36.620525
ID0x1e0f,70.84109
ID0x76b,104.52495
ID0x2b93,77.69955
ID0x3493,37.25612
ID0x58f,99.537094
ID0x2933,107.39429
ID0x91c,107.50124
ID0x212b,107.71405
ID0x179a,26.571259
ID0x7ee,85.6838
ID0x2f5c,109.33902
ID0x303b,34.706543
ID0x3b7e,50.089256
ID0x2dc9,36.96431
ID0x5a8,51.35025
ID0x3c51,93.57418
ID0x33bd,36.567802
ID0x2c06,25.839104
ID0x1db3,73.73801
ID0x2b64,77.32636
ID0x73e,50.389603
ID0x2dd0,111.59545
ID0x2c9b,74.24364
ID0x2c6b,113.40595
ID0x36ab,38.943794
ID0x3843,71.66054
ID0x3c56,50.938496
ID0x2875,107.560524
ID0x10eb,108.204445
ID0x2870,105.037346
ID0x2128,106.87018
ID0x99b,103.60764
ID0x2b99,104.44591
ID0x28ef,47.324604
ID0x38ad,91.105644
ID0x20d3,113.40595
ID0xc8a,49.766647
ID0x36ca,26.571259
ID0x19f0,109.129654
ID0x19d1,98.53626
ID0x331b,108.75412
ID0x1e73,49.566437
ID0x3507,70.4852
ID0x2158,107.897964
ID0x1437,26.08699
ID0x1532,70.064514
ID0x2e56,105.896805
ID0x3641,48.7886
ID0xecb,89.10195
ID0x3b77,93.01517
ID0x3997,107.948326
ID0x81d,109.16666
ID0x16bd,108.64074
ID0x378b,110.61853
ID0x1399,113.90276
ID0x2b95,50.163155
ID0x2bdf,73.34151
ID0xc86,73.62341
ID0x544,74.917465
ID0x17f4,76.135605
ID0x1e49,89.89656
ID0x3478,38.35991
ID0x1e7e,107.684235
ID0xf93,78.21166
ID0x2f25,106.19308
ID0x3cae,107.681984
ID0x19ee,108.46981
ID0x1444,106.827736
ID0x3580,91.734474
ID0x2035,50.476223
ID0x255a,50.50101
ID0x1cfb,85.06311
ID0x13f0,107.560524
ID0x1a7d,26.819141
ID0x259e,49.167038
ID0x2e6f,51.313175
ID0x271e,86.16905
ID0x5d2,35.58233
ID0x1b49,110.45238
ID0x13d5,107.948326
ID0x911,111.98071
ID0x2531,107.22152
ID0x881,109.765755
ID0x1650,95.77943
ID0x269f,49.766647
ID0x4de,26.819141
ID0x151d,112.8478
ID0x3e84,79.73165
ID0x38b9,81.327805
ID0x7db,50.938496
ID0x2ccf,49.766647
ID0x184c,90.85437
ID0x23f5,102.56583
ID0xf96,50.163155
ID0x2011,112.668755
ID0x1b06,35.58233
ID0x1bc9,56.81126
ID0x1440,105.70138
ID0x2e8e,26.354572
ID0x746,112.99535
ID0x1710,128.0085
ID0x2c08,36.567802
ID0x3593,110.47253
ID0x3de8,91.10738
ID0x18f4,48.77053
ID0x2ad4,104.26932
ID0x10db,52.826775
ID0x209e,73.92214
ID0x1770,49.73935
ID0x4e6,105.65406
ID0x29bd,111.876816
ID0xb0c,49.766647
ID0x12e9,55.115837
ID0xe76,70.56751
ID0x25bb,126.61572
ID0xd87,76.819016
ID0x1003,74.72032
ID0x1116,37.606
ID0x3c50,53.327633
ID0x3eeb,89.33885
ID0x1858,86.37735
ID0x3acc,88.29236
ID0xa0e,50.476223
ID0x2d6e,51.909344
ID0x4b1,48.128838
ID0xd65,49.616676
ID0x19a9,112.37141
ID0x2e27,109.948425
ID0xd6d,126.671165
ID0x2acd,51.49793
ID0x27be,110.96982
ID0x2999,50.50101
ID0x89e,50.3898
ID0x2f7a,46.614983
ID0xcad,107.67536
ID0x9f0,49.154827
ID0xaa0,34.075798
ID0x3095,88.26964
ID0x67b,118.61153
ID0x8f7,51.921726
ID0x9e5,58.74526
ID0x1513,91.18001
ID0x3f60,54.208958
ID0xd1c,25.91745
ID0x3376,106.37816
ID0x3d6f,26.74155
ID0x2ada,77.36359
ID0x37a2,50.476223
ID0xe91,93.32024
ID0x2008,77.12341
ID0x3aa0,86.310745
ID0x323c,37.23074
ID0xe13,48.7886
ID0x16f4,34.706543
ID0x3f87,90.77572
ID0x37bb,110.96743
ID0x74f,119.27844
ID0x26b6,25.839104
ID0x12c7,73.34151
ID0x19df,35.978836
ID0x2fc2,109.66587
ID0x3f91,41.177177
ID0x262d,107.73141
ID0x4e1,37.23074
ID0x11fb,51.193367
ID0x368f,107.64685
ID0xe8a,77.75459
ID0x12de,59.179497
ID0x3a04,71.35817
ID0x124f,108.68676
ID0x2fff,99.31719
ID0x1b6f,74.33785
ID0x1d60,76.68087
ID0x3ab7,37.606
ID0x1a12,109.16666
ID0x824,70.24972
ID0x2881,93.279854
ID0x1dfe,75.62245
ID0xd1f,108.204445
ID0x314f,107.64685
ID0x3ea4,76.66785
ID0xb5f,108.11803
ID0x12e2,109.948425
ID0x1e3d,90.14983
ID0x1a6d,89.56595
ID0x2372,52.826775
ID0x1d5f,111.4003
ID0x3c68,77.75459
ID0x869,46.614983
ID0x3c3b,76.36166
ID0x35dd,76.118256
ID0x2547,104.97798
ID0x819,94.86497
ID0x3037,90.12494
ID0x3d07,86.37735
ID0x1429,36.567802
ID0x20f6,51.052734
ID0x1b88,46.218475
ID0x3745,112.09673
ID0x2237,75.886696
ID0x1364,26.08699
ID0x16b7,106.61979
ID0x2d31,110.36042
ID0xe1b,87.58395
ID0x36c6,50.411045
ID0x3a32,93.34941
ID0x1661,35.777725
ID0x2a40,89.97611
ID0x18da,77.19279
ID0x32f5,37.627243
ID0x351f,113.39982
ID0x3046,107.36055
ID0x351e,34.075798
ID0x3f9,90.856064
ID0x671,76.10446
ID0x21a8,49.264935
ID0x2d17,107.64685
ID0xdd3,108.257324
ID0x1b39,94.57297
ID0x1fe7,131.77197
ID0x32df,106.87018
ID0x397e,40.92936
ID0x3313,85.56936
ID0x2fbb,76.611084
ID0x9b0,90.67836
ID0xbd6,33.998207
ID0x3676,104.80564
ID0x39a5,101.004776
ID0xe0e,104.322945
ID0x42e,89.311485
ID0x2b18,106.87018
ID0x245c,110.3935
ID0x3139,72.82911
ID0x2a4a,72.817764
ID0x2287,50.411045
ID0x2e75,110.74145
ID0x4c5,76.54874
ID0x1633,53.43976
ID0x1659,91.98179
ID0x1da8,106.37816
ID0x1478,108.496956
ID0x229c,95.33228
ID0x100f,108.03315
ID0x2f47,71.65193
ID0x153a,51.01642
ID0x613,76.68087
ID0x871,146.32681
ID0x1fab,87.6675
ID0x207c,51.95487
ID0x266b,54.738995
ID0x75b,40.11774
ID0x967,37.606
ID0x29de,26.009396
ID0x3b07,118.77894
ID0x2fcc,53.23853
ID0x1fef,116.87451
ID0x2cb9,90.72553
ID0xf8d,53.23853
ID0x37b4,107.886475
ID0x901,111.176125
ID0x3555,110.40223
ID0x2bd1,104.38302
ID0x392a,55.756004
ID0xbfd,51.95487
ID0x3a69,75.24537
ID0x1ed5,38.626343
ID0x996,84.46176
ID0x17b3,88.36392
ID0x184d,83.34248
ID0x2a45,38.35991
ID0x1fe0,110.9562
ID0x263e,88.93517
ID0x22fe,107.037445
ID0xb18,50.014534
ID0x34da,55.45636
ID0x3479,47.076714
ID0x24df,110.11066
ID0x1c43,109.20908
ID0x2c8d,112.45964
ID0x1805,49.18511
ID0x3dfb,72.93152
ID0x28a6,50.1298
ID0x3992,46.218475
ID0x54d,79.1484
ID0x1bee,109.16666
ID0x2ead,28.849552
ID0x28b3,46.86017
ID0x1051,108.03315
ID0x123f,108.59597
ID0x25f8,51.35025
ID0xdd5,107.67536
ID0x129c,113.854164
ID0x1aeb,51.55836
ID0x2063,110.91232
ID0x16c4,94.33239
ID0x21cd,52.336773
ID0x4007,109.35505
ID0x7c2,118.06176
ID0x26f5,109.33834
ID0x2ad6,34.075798
ID0x2319,123.62433
ID0xc0f,75.79064
ID0xcb7,74.83485
ID0x3927,50.163155
ID0x2db9,89.6243
ID0x1b7d,61.535633
ID0x3d4a,100.88924
ID0x2d75,108.107925
ID0x2f52,129.23691
ID0xe93,110.32044
ID0x34d8,95.2498
ID0x27e3,88.147705
ID0x2377,49.327595
ID0xefb,75.385506
ID0x11d3,41.517086
ID0x3830,25.839104
ID0x2480,70.34471
ID0x16c0,51.66364
ID0x3d10,91.229256
ID0x3528,149.09637
ID0x37af,108.496956
ID0x1b4e,46.86017
ID0x24ea,34.706543
ID0x156f,94.108345
ID0x24f1,103.22281
ID0x1bea,38.564884
ID0x23a7,27.319687
ID0xad9,106.86802
ID0x3c13,95.84788
ID0x22bd,103.2184
ID0x334e,109.5932
ID0x1b5c,51.95487
ID0x1dd7,110.96982
ID0xc9b,91.420975
ID0x2408,111.58153
ID0x345b,60.221184
ID0x215b,90.159805
ID0xf4d,35.58233
ID0x1fbb,109.152016
ID0x1bda,108.56128
ID0x3889,69.53723
ID0x5a2,88.00357
ID0x33f7,109.38037
ID0x3e8a,94.33331
ID0x37a4,89.22732
ID0x3a71,109.66729
ID0x290e,112.45964
ID0x223b,49.167038
ID0xec9,36.620525
ID0x1692,25.700008
ID0x2be3,89.817184
ID0x2934,49.766647
ID0x2957,122.34575
ID0x1b4d,36.96431
ID0x38c1,32.16142
ID0xb23,56.860607
ID0x19c2,110.409836
ID0x1617,90.62847
ID0x2101,56.86117
ID0x2e8f,74.24364
ID0x32d0,34.075798
ID0x2ca6,125.33553
ID0x3004,88.97489
ID0x1b60,71.027596
ID0x17f3,112.143364
ID0x3f42,100.04426
ID0x27d5,49.17748
ID0x200d,50.50101
ID0x2b1d,109.16666
ID0x3aa1,37.18478
ID0x2704,50.163155
ID0x3c86,112.31141
ID0x2c60,108.36
ID0x148a,130.51147
ID0x38fb,153.77075
ID0x1707,111.10079
ID0x97c,107.63357
ID0x6b5,50.027298
ID0x3f41,82.612495
ID0x3638,109.20908
ID0x250f,108.03315
ID0x17e0,76.2832
ID0x3237,50.014534
ID0x3c25,93.29966
ID0x2374,95.02577
ID0x3905,109.33834
ID0x3cdc,76.37577
ID0x896,107.475555
ID0x29c6,109.76962
ID0x601,37.606
ID0x31b8,109.60841
ID0x318b,143.62753
ID0x240c,46.614983
ID0x2ae8,73.41028
ID0x25fc,90.56551
ID0x2eb2,77.36359
ID0x2348,72.00844
ID0x2331,51.94979
ID0x29c4,110.64486
ID0x2912,148.69844
ID0x394d,95.84733
ID0x2e6b,37.606
ID0x235a,51.55836
ID0x2375,118.36433
ID0x915,107.39429
ID0xbd4,70.534195
ID0x235e,108.03315
ID0x1feb,109.22122
ID0x10e5,36.567802
ID0xce7,105.028366
ID0x27b8,106.411514
ID0x3295,57.786575
ID0xa30,109.792274
ID0x193e,113.21677
ID0x25dd,110.18806
ID0x883,73.41028
ID0x161c,35.14698
ID0x2487,36.96431
ID0x35bc,107.42947
ID0x3e29,49.154827
ID0x180d,108.370415
ID0x3c2e,53.797203
ID0xe2b,47.076714
ID0x421,89.871765
ID0x3f58,118.255554
ID0x657,103.963295
ID0x1826,111.46146
ID0x1de3,26.493668
ID0x3b31,75.9213
ID0x2155,51.052734
ID0x1800,78.091934
ID0x3361,48.125664
ID0x2f3e,112.21235
ID0x3d59,26.08699
ID0x2d73,112.236786
ID0x1293,87.665886
ID0x216a,38.626343
ID0x1137,110.870804
ID0x35ad,97.774796
ID0x1a41,110.98157
ID0x6d5,85.63666
ID0x2b62,109.12505
ID0x3c3e,47.563183
ID0x2e13,108.54695
ID0x2084,52.826775
ID0x1735,34.075798
ID0x241e,52.275314
ID0x10f6,88.50473
ID0x3d0d,91.14335
ID0x1129,61.842022
ID0x8d4,48.77053
ID0x3e35,102.98292
ID0xd68,52.390995
ID0x2033,37.606
ID0x1fb9,106.82348
ID0xe07,113.02741
ID0x378e,87.64115
ID0x1ef6,41.177177
ID0x177e,109.33834
ID0x17ca,137.37971
ID0xc9e,151.4043
ID0x19c9,49.18511
ID0x29e5,84.57137
ID0xbeb,49.064247
ID0x552,110.64486
ID0x1e5a,90.483574
ID0xc09,110.530975
ID0x754,89.87628
ID0x1f34,50.476223
ID0x3d05,38.943794
ID0xfc6,81.8708
ID0xbd1,101.8429
ID0xed5,107.64685
ID0x3362,139.54573
ID0x2204,74.47245
ID0x2e12,27.242096
ID0x204f,75.52365
ID0x7f6,47.324604
ID0x1799,76.37577
ID0x2d25,86.40228
ID0x3260,92.776596
ID0x3fe5,111.476685
ID0x1a74,111.023415
ID0x3152,111.4003
ID0x2113,34.706543
ID0x60e,33.998207
ID0x228f,76.819016
ID0x34c0,133.60678
ID0x1ea7,74.66614
ID0x2c03,111.52708
ID0x27c6,106.19537
ID0x3fa5,34.706543
ID0x1d09,37.627243
ID0xe5b,107.80832
ID0x3c79,55.67493
ID0x1829,112.640465
ID0x20c3,49.76899
ID0x316f,107.21677
ID0xcec,84.60598
ID0x3013,113.67728
ID0x2cbc,101.04814
ID0x635,50.50101
ID0xc1e,107.36055
ID0x2d79,90.65358
ID0x273a,27.319687
ID0x8f5,113.71188
ID0x1bf5,106.19537
ID0x9f2,45.60826
ID0x21ff,50.656227
ID0xc59,108.496956
ID0x342a,53.797203
ID0x24c1,26.009396
ID0x820,106.82348
ID0x32fa,98.94557
ID0x1748,103.31979
ID0x55a,54.640987
ID0x2e85,37.963406
ID0x3103,105.594444
ID0x3e3c,75.397316
ID0x30af,88.96963
ID0x1ca4,26.432163
ID0x1b20,108.874626
ID0x24ec,34.075798
ID0x1bec,92.26599
ID0x392d,26.727196
ID0x134d,75.69193
ID0x1a53,110.3935
ID0x38a9,53.23853
ID0x3aaa,112.714516
ID0x14c4,107.21677
ID0x1dad,114.98368
ID0x251b,106.19537
ID0x22ec,74.47245
ID0x168c,106.19537
ID0x2530,108.49282
ID0x3800,104.6366
ID0x1953,90.73491
ID0xcf7,110.61853
ID0x19d8,108.03315
ID0x1cf0,91.406685
ID0x35c6,49.17748
ID0x2ca9,51.052734
ID0x11c0,74.47245
ID0x157b,50.50101
ID0xec3,106.28231
ID0x2deb,107.64685
ID0x1cb5,110.37951
ID0x2dff,98.199066
ID0x2b41,90.76173
ID0xaa9,102.29443
ID0x3f84,49.766647
ID0x3d3e,55.07147
ID0x18b1,110.96982
ID0x3263,115.19467
ID0x2000,86.86939
ID0x3751,109.38037
ID0x2e1f,36.620525
ID0x74e,113.46483
ID0x651,78.28505
ID0x1a07,71.880844
ID0xb53,83.40826
ID0x1d00,50.50101
ID0x2cf4,110.28195
ID0xc84,96.56343
ID0x37c4,107.475555
ID0x2777,51.35025
ID0x12c6,70.92199
ID0xc48,89.23211
ID0x1756,114.95421
ID0x162f,105.843994
ID0x3bea,112.236786
ID0x1df8,71.027596
ID0x8dd,100.842636
ID0x3ed4,85.93971
ID0x159f,114.128784
ID0x23d6,107.01596
ID0x363a,90.71011
ID0x10f3,102.665665
ID0x2c38,47.14329
ID0x25ed,76.906235
ID0x2386,115.25291
ID0x19a8,75.886696
ID0x1c7e,86.97613
ID0x1ecf,93.07171
ID0x1860,52.330997
ID0x966,145.46251
ID0x3dd4,79.91382
ID0x1b09,75.62245
ID0x3e6e,86.57
ID0x13cd,89.82368
ID0xb2c,90.3189
ID0x3d81,50.72411
ID0x209f,88.128235
ID0x11e6,47.256676
ID0x38f1,109.364685
ID0x1ee8,105.55241
ID0x35e9,50.916668
ID0x2585,108.64074
ID0x3812,108.1505
ID0x3b26,117.2307
ID0x1d33,82.04176
ID0x33d6,52.826775
ID0x439,88.69551
ID0x964,73.95238
ID0x14f0,110.91232
ID0xdb2,107.90377
ID0x2604,111.940575
ID0x349e,111.58153
ID0x3a50,108.34136
ID0x1415,56.349773
ID0xe3d,49.302803
ID0x554,46.614983
ID0x1f0f,46.86017
ID0x5ff,107.64685
ID0x22f5,109.05035
